segment,customers,revenue
1,24860,9494133.77999986
2,24860,3414331.2599999839
3,24860,2032347.9899999897
4,24860,1068059.0899999728